{"scores": [88.45454545454545, 89.27272727272728, 86.72727272727272, 86.0, 86.36363636363636, 88.27272727272728, 90.0, 87.9090909090909, 87.0, 88.0909090909091, 87.18181818181817, 87.81818181818181, 85.0, 88.81818181818181, 87.27272727272728, 91.0909090909091, 86.9090909090909, 88.54545454545455, 90.54545454545455, 89.90909090909092, 88.9090909090909, 89.54545454545453, 88.9090909090909, 90.18181818181817, 85.72727272727272, 90.27272727272727, 90.0, 87.45454545454547, 87.0, 88.81818181818181, 85.54545454545455, 85.63636363636363, 85.18181818181817, 87.72727272727272, 88.27272727272727, 88.81818181818181, 88.81818181818181, 89.72727272727273, 90.0909090909091, 85.9090909090909, 87.45454545454545, 90.18181818181819, 87.0, 88.72727272727273, 88.36363636363636, 87.45454545454545, 88.63636363636363, 86.72727272727272, 87.18181818181817, 89.63636363636364, 86.9090909090909, 90.36363636363636, 89.0, 88.72727272727273, 89.0909090909091, 87.9090909090909, 88.0909090909091, 88.45454545454545, 91.0, 88.18181818181817, 90.45454545454545, 89.0909090909091, 88.18181818181819, 88.63636363636364, 87.81818181818181, 86.18181818181819, 89.72727272727272, 88.27272727272727, 88.45454545454545, 91.27272727272728, 88.36363636363637, 90.63636363636364, 91.36363636363636, 87.36363636363637, 88.81818181818181, 90.36363636363637, 86.09090909090908, 88.27272727272728, 89.18181818181819, 89.81818181818181, 89.90909090909092, 84.27272727272728, 92.18181818181819, 89.18181818181819, 88.0, 90.63636363636363, 90.36363636363636, 88.54545454545455, 88.0, 90.09090909090908, 88.0, 87.63636363636364, 88.0, 86.0, 90.0, 84.36363636363636, 89.45454545454547, 89.63636363636364, 84.27272727272728, 88.09090909090908], "tempos": [22.300501108169556, 22.798258543014526, 20.416398525238037, 21.39452362060547, 19.53170418739319, 21.43504762649536, 21.137848615646362, 22.85240626335144, 20.70700740814209, 22.361356019973755, 21.202043533325195, 21.867091417312622, 20.148465394973755, 21.88066339492798, 20.394892692565918, 19.538891315460205, 19.99038076400757, 23.484514236450195, 21.749961614608765, 21.65277075767517, 20.460790872573853, 22.326513051986694, 20.805635452270508, 19.93640661239624, 19.343509912490845, 20.484936714172363, 20.895291090011597, 19.21850275993347, 19.466583013534546, 20.842198133468628, 19.289981603622437, 18.692482948303223, 21.271084547042847, 19.38882303237915, 22.232590436935425, 22.1540470123291, 19.661325216293335, 20.762149810791016, 21.446250200271606, 21.529358625411987, 19.65010404586792, 20.317872285842896, 22.91533613204956, 20.122017860412598, 20.600754261016846, 20.555647134780884, 20.182034254074097, 19.33614683151245, 20.628918409347534, 20.130922555923462, 19.65619468688965, 20.46501398086548, 21.161457300186157, 18.735156774520874, 21.599119186401367, 19.834814310073853, 20.161948680877686, 21.523674964904785, 18.85161018371582, 19.173563480377197, 21.1530544757843, 21.44358205795288, 19.47113871574402, 21.08832859992981, 20.14454984664917, 20.253034591674805, 20.2472403049469, 22.221099615097046, 20.21466636657715, 20.97815489768982, 19.881643772125244, 19.546294450759888, 19.539532899856567, 20.569241285324097, 19.474019289016724, 19.251970529556274, 22.046904802322388, 20.459818601608276, 21.451629638671875, 17.472813367843628, 19.991835355758667, 20.247851371765137, 18.861807107925415, 19.63168239593506, 23.350868701934814, 20.270334005355835, 20.021171808242798, 21.199054956436157, 21.36131501197815, 20.487757205963135, 19.941860914230347, 20.24387526512146, 22.823034048080444, 20.838967084884644, 21.43955898284912, 19.744547128677368, 20.649823665618896, 21.466840982437134, 22.563356161117554, 20.624003648757935]}