{
    "scores": {
        "1": {
            "ovr": 79.63636363636364,
            "chemistry": 18.163636363636364,
            "final_score": 97.80000000000001
        }
    },
    "tempos": [
        42.96515917778015
    ]
}