{
    "scores": {
        "1": {
            "ovr": 79.63636363636364,
            "chemistry": 12.109090909090908,
            "final_score": 91.74545454545455
        }
    },
    "tempos": [
        20.599908590316772
    ]
}