{"scores": [86.63636363636363, 89.81818181818181, 89.54545454545455, 86.81818181818181, 87.45454545454545, 88.18181818181817, 87.36363636363636, 88.54545454545455, 87.0, 90.27272727272728, 89.27272727272727, 88.18181818181817, 87.72727272727273, 92.0, 89.18181818181819, 89.54545454545455, 90.90909090909092, 87.81818181818181, 89.63636363636364, 89.81818181818181, 84.72727272727272, 88.81818181818183, 88.0, 89.54545454545453, 87.27272727272727, 90.27272727272728, 87.36363636363636, 90.0, 90.9090909090909, 89.18181818181819, 88.27272727272728, 86.54545454545455, 89.27272727272727, 87.27272727272728, 88.45454545454545, 90.63636363636364, 87.9090909090909, 86.54545454545455, 89.36363636363637, 87.18181818181817, 88.0909090909091, 89.18181818181819, 86.45454545454545, 88.0, 85.27272727272727, 90.81818181818181, 90.0909090909091, 86.81818181818183, 89.36363636363637, 88.45454545454547, 90.27272727272728, 86.0909090909091, 91.0909090909091, 88.63636363636363, 88.18181818181819, 88.81818181818181, 84.36363636363636, 87.81818181818181, 88.63636363636363, 85.9090909090909, 90.45454545454545, 86.36363636363636, 88.36363636363637, 88.36363636363637, 88.0909090909091, 90.18181818181819, 86.45454545454545, 86.0909090909091, 87.09090909090908, 88.36363636363636, 90.0, 89.18181818181819, 87.81818181818181, 84.9090909090909, 88.63636363636363, 87.72727272727273, 88.81818181818181, 89.45454545454545, 88.18181818181817, 90.36363636363636, 87.27272727272728, 88.27272727272727, 86.72727272727272, 88.72727272727272, 90.18181818181817, 87.9090909090909, 89.0, 90.27272727272727, 87.45454545454545, 89.27272727272727, 87.0, 88.18181818181819, 89.27272727272727, 87.45454545454545, 87.54545454545455, 87.9090909090909, 89.27272727272727, 86.63636363636363, 85.9090909090909, 90.18181818181819], "tempos": [40.446534395217896, 40.824536085128784, 39.16256523132324, 38.23324179649353, 41.22399353981018, 42.2899169921875, 40.35242557525635, 39.55638098716736, 39.369248390197754, 40.215129137039185, 37.220372915267944, 40.37554359436035, 37.46493697166443, 39.307870388031006, 38.80962610244751, 41.609729051589966, 35.92463779449463, 44.78360342979431, 41.62939214706421, 38.16984438896179, 39.91256856918335, 39.365609645843506, 37.524982929229736, 43.54533267021179, 38.41769552230835, 38.501137018203735, 41.75074863433838, 39.18807005882263, 44.3845911026001, 40.285712242126465, 37.37112593650818, 41.62000870704651, 37.094101667404175, 43.731911182403564, 38.705010652542114, 40.2179160118103, 42.959407329559326, 40.511658668518066, 36.51734972000122, 38.88889241218567, 35.423529863357544, 40.69615936279297, 38.868202686309814, 39.91956424713135, 37.89013886451721, 37.06030058860779, 42.30124497413635, 38.87692451477051, 37.82610297203064, 42.00774025917053, 46.10589671134949, 34.99998712539673, 38.80119204521179, 35.86889672279358, 40.07176947593689, 38.70499587059021, 41.47353768348694, 38.351840019226074, 41.46742534637451, 43.27740144729614, 39.03453969955444, 35.20196270942688, 43.345847606658936, 40.637349128723145, 41.590213775634766, 39.96754765510559, 44.88098859786987, 39.09242844581604, 41.334497928619385, 39.53625249862671, 40.81122279167175, 38.06069469451904, 39.871368408203125, 37.078426361083984, 39.23423790931702, 41.342647075653076, 35.28762102127075, 41.4896605014801, 38.055020809173584, 42.871817111968994, 42.84892416000366, 40.030229806900024, 43.17776536941528, 42.37192392349243, 40.552961349487305, 40.4427969455719, 39.071770906448364, 39.813080072402954, 40.2435781955719, 44.88135480880737, 41.484413146972656, 43.31068682670593, 41.303067684173584, 39.40959286689758, 40.127249240875244, 41.41639709472656, 37.58314871788025, 37.62700438499451, 41.236814975738525, 40.33848023414612]}