{"scores": [85.0909090909091, 90.18181818181817, 87.54545454545455, 88.63636363636363, 86.63636363636364, 86.18181818181817, 86.45454545454545, 90.72727272727272, 85.90909090909092, 87.81818181818181, 86.81818181818183, 90.27272727272727, 87.0, 90.0, 86.18181818181817, 88.0, 85.81818181818183, 89.0, 87.81818181818181, 91.54545454545455, 89.0909090909091, 88.27272727272727, 91.36363636363636, 87.63636363636364, 89.0, 88.36363636363637, 87.0, 91.0, 87.54545454545455, 88.45454545454545, 87.27272727272727, 87.27272727272728, 90.36363636363636, 89.18181818181819, 89.18181818181817, 89.0, 89.0, 89.27272727272727, 88.0909090909091, 89.9090909090909, 88.18181818181817, 86.18181818181817, 91.0909090909091, 89.45454545454545, 87.72727272727272, 89.36363636363637, 87.09090909090908, 87.63636363636363, 88.9090909090909, 89.9090909090909, 87.36363636363636, 86.18181818181819, 89.0, 88.18181818181819, 87.81818181818183, 87.9090909090909, 85.9090909090909, 86.72727272727272, 90.63636363636364, 88.0909090909091, 87.9090909090909, 88.18181818181819, 90.0909090909091, 89.18181818181817, 89.81818181818183, 90.63636363636364, 86.81818181818181, 88.63636363636363, 86.81818181818183, 90.45454545454545, 85.72727272727272, 89.27272727272728, 90.27272727272728, 89.9090909090909, 88.81818181818183, 90.0909090909091, 89.45454545454547, 88.0909090909091, 88.72727272727272, 88.54545454545455, 90.54545454545453, 89.27272727272728, 90.81818181818183, 86.18181818181817, 85.63636363636364, 85.36363636363636, 89.0909090909091, 87.45454545454545, 88.72727272727272, 84.18181818181819, 87.54545454545455, 88.81818181818183, 88.27272727272728, 87.54545454545455, 88.72727272727272, 86.9090909090909, 89.90909090909092, 85.72727272727273, 87.45454545454545, 91.0909090909091], "tempos": [83.39427518844604, 85.65612840652466, 79.58730435371399, 78.51370143890381, 83.39834761619568, 86.65784025192261, 72.38116550445557, 77.04265236854553, 71.48444390296936, 78.75901126861572, 74.4773519039154, 75.84778213500977, 80.80381894111633, 89.02009272575378, 80.49775886535645, 73.7929515838623, 76.04673099517822, 77.97586464881897, 80.2868378162384, 85.45631790161133, 73.79411792755127, 83.17059826850891, 86.51602745056152, 78.79190254211426, 83.95079398155212, 70.44326972961426, 76.7709288597107, 78.20819449424744, 87.33844804763794, 83.79106163978577, 84.65206718444824, 85.35482668876648, 78.61221385002136, 83.58419799804688, 81.28393363952637, 80.59858441352844, 92.76899409294128, 81.3860855102539, 79.99190497398376, 82.85503315925598, 78.13549017906189, 81.28152465820312, 76.13254952430725, 83.06784462928772, 80.87462449073792, 90.38232755661011, 75.95528650283813, 83.61488199234009, 79.37039804458618, 78.21438503265381, 89.10232377052307, 84.10048794746399, 79.2656638622284, 81.23464775085449, 78.17487120628357, 79.21427130699158, 78.38739252090454, 75.60888171195984, 74.82195138931274, 78.87068700790405, 91.28544473648071, 81.69382500648499, 83.82627296447754, 71.2186050415039, 79.67314553260803, 86.8072509765625, 87.45763921737671, 81.24910640716553, 75.09160494804382, 78.64900064468384, 78.47291207313538, 93.91469979286194, 72.99703669548035, 80.45113039016724, 89.09690880775452, 87.15670943260193, 76.88770508766174, 77.74870038032532, 84.33367013931274, 77.48205208778381, 75.79439949989319, 76.2111828327179, 80.09101295471191, 85.61747121810913, 78.11722445487976, 81.77274823188782, 79.35462355613708, 69.74822092056274, 89.43744015693665, 86.64514780044556, 73.552565574646, 87.36218118667603, 81.43401527404785, 83.20788931846619, 73.79594945907593, 76.22298383712769, 87.09774374961853, 77.17048978805542, 76.89298510551453, 77.1278178691864]}