{
    "scores": {
        "1": {
            "ovr": 80.72727272727273,
            "chemistry": 7.265454545454546,
            "final_score": 87.99272727272728
        }
    },
    "tempos": [
        0.11378192901611328
    ]
}