{"scores": [90.27272727272728, 90.0909090909091, 88.63636363636364, 87.9090909090909, 86.90909090909092, 92.0909090909091, 88.54545454545455, 86.54545454545455, 86.54545454545455, 87.63636363636364, 87.63636363636363, 88.36363636363637, 86.54545454545455, 86.81818181818181, 84.09090909090908, 87.72727272727272, 87.18181818181819, 91.27272727272728, 85.18181818181819, 89.0, 87.81818181818181, 88.0, 85.36363636363636, 85.18181818181819, 88.54545454545455, 86.81818181818183, 85.81818181818181, 86.27272727272727, 86.63636363636363, 86.72727272727273, 86.27272727272727, 87.18181818181819, 86.81818181818181, 87.27272727272727, 86.0909090909091, 87.63636363636364, 89.36363636363636, 88.9090909090909, 88.63636363636364, 88.9090909090909, 88.72727272727272, 88.27272727272727, 88.36363636363636, 87.9090909090909, 86.0, 88.18181818181819, 86.0909090909091, 87.72727272727272, 85.27272727272727, 87.18181818181819, 89.27272727272728, 83.36363636363637, 87.72727272727273, 86.54545454545455, 83.63636363636363, 89.54545454545453, 85.27272727272727, 84.63636363636364, 86.9090909090909, 88.63636363636363, 87.81818181818181, 89.18181818181819, 87.63636363636364, 88.36363636363636, 88.45454545454545, 90.0, 88.18181818181817, 89.45454545454545, 89.36363636363636, 88.18181818181817, 87.45454545454545, 84.9090909090909, 87.36363636363637, 87.72727272727272, 88.81818181818181, 88.81818181818181, 84.45454545454545, 87.27272727272727, 86.45454545454545, 88.27272727272727, 88.63636363636364, 88.0, 88.9090909090909, 88.63636363636363, 88.9090909090909, 88.9090909090909, 86.0, 89.36363636363636, 85.18181818181819, 88.81818181818181, 87.36363636363636, 87.45454545454545, 87.0, 88.72727272727272, 87.18181818181817, 87.63636363636364, 88.54545454545453, 86.9090909090909, 84.45454545454545, 87.9090909090909], "tempos": [0.14878344535827637, 0.13512706756591797, 0.1406996250152588, 0.13663578033447266, 0.14576935768127441, 0.13072776794433594, 0.128922700881958, 0.1329035758972168, 0.1427600383758545, 0.14456796646118164, 0.14569091796875, 0.13343048095703125, 0.1344740390777588, 0.12949228286743164, 0.1288747787475586, 0.13944625854492188, 0.1299912929534912, 0.14062070846557617, 0.13371014595031738, 0.13172483444213867, 0.14662528038024902, 0.12986207008361816, 0.12954449653625488, 0.1311652660369873, 0.12901568412780762, 0.13631439208984375, 0.14107728004455566, 0.13167524337768555, 0.13016915321350098, 0.13196468353271484, 0.14141273498535156, 0.1474313735961914, 0.14098572731018066, 0.13829445838928223, 0.12994146347045898, 0.130418062210083, 0.12805414199829102, 0.13767433166503906, 0.1311931610107422, 0.12862467765808105, 0.14031338691711426, 0.129929780960083, 0.13997411727905273, 0.13191723823547363, 0.12955451011657715, 0.12753033638000488, 0.13182830810546875, 0.13293886184692383, 0.15613794326782227, 0.13077282905578613, 0.14933347702026367, 0.13234853744506836, 0.1302473545074463, 0.13063359260559082, 0.14105796813964844, 0.13301420211791992, 0.14081287384033203, 0.14474964141845703, 0.14163661003112793, 0.15662503242492676, 0.16154193878173828, 0.1424560546875, 0.1568756103515625, 0.1419966220855713, 0.1478743553161621, 0.18099236488342285, 0.14183449745178223, 0.14692187309265137, 0.15833806991577148, 0.1417984962463379, 0.1656041145324707, 0.1425609588623047, 0.14541387557983398, 0.14251995086669922, 0.14724969863891602, 0.13733887672424316, 0.14511442184448242, 0.13127923011779785, 0.12870025634765625, 0.12884759902954102, 0.14126157760620117, 0.14077281951904297, 0.13149261474609375, 0.139862060546875, 0.13592147827148438, 0.12943696975708008, 0.12760186195373535, 0.13908052444458008, 0.13104772567749023, 0.13118910789489746, 0.14385628700256348, 0.13211345672607422, 0.13802814483642578, 0.12769842147827148, 0.12774181365966797, 0.12997126579284668, 0.12931013107299805, 0.13595271110534668, 0.14467120170593262, 0.14144253730773926]}