{
    "scores": {
        "1": {
            "ovr": 80.72727272727273,
            "chemistry": 8.363636363636363,
            "final_score": 89.0909090909091
        },
        "2": {
            "ovr": 78.81818181818181,
            "chemistry": 8.0,
            "final_score": 86.81818181818181
        },
        "3": {
            "ovr": 81.0,
            "chemistry": 6.545454545454546,
            "final_score": 87.54545454545455
        },
        "4": {
            "ovr": 80.0909090909091,
            "chemistry": 3.6363636363636362,
            "final_score": 83.72727272727273
        },
        "5": {
            "ovr": 80.63636363636364,
            "chemistry": 2.909090909090909,
            "final_score": 83.54545454545455
        },
        "6": {
            "ovr": 79.63636363636364,
            "chemistry": 2.909090909090909,
            "final_score": 82.54545454545455
        },
        "7": {
            "ovr": 81.18181818181819,
            "chemistry": 8.0,
            "final_score": 89.18181818181819
        },
        "8": {
            "ovr": 80.36363636363636,
            "chemistry": 10.545454545454545,
            "final_score": 90.9090909090909
        },
        "9": {
            "ovr": 79.72727272727273,
            "chemistry": 6.545454545454546,
            "final_score": 86.27272727272728
        },
        "10": {
            "ovr": 81.0,
            "chemistry": 7.636363636363637,
            "final_score": 88.63636363636364
        },
        "11": {
            "ovr": 79.72727272727273,
            "chemistry": 8.363636363636363,
            "final_score": 88.0909090909091
        },
        "12": {
            "ovr": 80.81818181818181,
            "chemistry": 3.272727272727273,
            "final_score": 84.09090909090908
        },
        "13": {
            "ovr": 79.81818181818181,
            "chemistry": 6.545454545454546,
            "final_score": 86.36363636363636
        },
        "14": {
            "ovr": 80.63636363636364,
            "chemistry": 7.2727272727272725,
            "final_score": 87.9090909090909
        },
        "15": {
            "ovr": 81.18181818181819,
            "chemistry": 9.818181818181818,
            "final_score": 91.0
        },
        "16": {
            "ovr": 80.81818181818181,
            "chemistry": 6.181818181818182,
            "final_score": 87.0
        },
        "17": {
            "ovr": 80.36363636363636,
            "chemistry": 9.818181818181818,
            "final_score": 90.18181818181817
        },
        "18": {
            "ovr": 79.18181818181819,
            "chemistry": 7.2727272727272725,
            "final_score": 86.45454545454545
        },
        "19": {
            "ovr": 80.18181818181819,
            "chemistry": 10.181818181818182,
            "final_score": 90.36363636363637
        },
        "20": {
            "ovr": 79.36363636363636,
            "chemistry": 7.636363636363637,
            "final_score": 87.0
        },
        "21": {
            "ovr": 79.81818181818181,
            "chemistry": 4.7272727272727275,
            "final_score": 84.54545454545455
        },
        "22": {
            "ovr": 80.81818181818181,
            "chemistry": 5.818181818181818,
            "final_score": 86.63636363636363
        },
        "23": {
            "ovr": 79.54545454545455,
            "chemistry": 8.363636363636363,
            "final_score": 87.9090909090909
        },
        "24": {
            "ovr": 80.9090909090909,
            "chemistry": 6.545454545454546,
            "final_score": 87.45454545454545
        },
        "25": {
            "ovr": 80.0,
            "chemistry": 6.181818181818182,
            "final_score": 86.18181818181819
        },
        "26": {
            "ovr": 81.18181818181819,
            "chemistry": 6.545454545454546,
            "final_score": 87.72727272727273
        },
        "27": {
            "ovr": 80.18181818181819,
            "chemistry": 9.090909090909092,
            "final_score": 89.27272727272728
        },
        "28": {
            "ovr": 81.36363636363636,
            "chemistry": 5.818181818181818,
            "final_score": 87.18181818181817
        },
        "29": {
            "ovr": 80.45454545454545,
            "chemistry": 5.454545454545454,
            "final_score": 85.9090909090909
        },
        "30": {
            "ovr": 80.0,
            "chemistry": 6.181818181818182,
            "final_score": 86.18181818181819
        },
        "31": {
            "ovr": 79.81818181818181,
            "chemistry": 6.909090909090909,
            "final_score": 86.72727272727272
        },
        "32": {
            "ovr": 80.18181818181819,
            "chemistry": 9.454545454545455,
            "final_score": 89.63636363636364
        },
        "33": {
            "ovr": 80.63636363636364,
            "chemistry": 6.181818181818182,
            "final_score": 86.81818181818183
        },
        "34": {
            "ovr": 80.18181818181819,
            "chemistry": 9.818181818181818,
            "final_score": 90.0
        },
        "35": {
            "ovr": 79.9090909090909,
            "chemistry": 7.636363636363637,
            "final_score": 87.54545454545455
        },
        "36": {
            "ovr": 80.0909090909091,
            "chemistry": 4.7272727272727275,
            "final_score": 84.81818181818183
        },
        "37": {
            "ovr": 79.54545454545455,
            "chemistry": 8.0,
            "final_score": 87.54545454545455
        },
        "38": {
            "ovr": 80.54545454545455,
            "chemistry": 5.818181818181818,
            "final_score": 86.36363636363636
        },
        "39": {
            "ovr": 80.81818181818181,
            "chemistry": 5.090909090909091,
            "final_score": 85.9090909090909
        },
        "40": {
            "ovr": 80.54545454545455,
            "chemistry": 10.181818181818182,
            "final_score": 90.72727272727273
        },
        "41": {
            "ovr": 81.0,
            "chemistry": 6.545454545454546,
            "final_score": 87.54545454545455
        },
        "42": {
            "ovr": 81.18181818181819,
            "chemistry": 7.636363636363637,
            "final_score": 88.81818181818183
        },
        "43": {
            "ovr": 79.81818181818181,
            "chemistry": 5.090909090909091,
            "final_score": 84.9090909090909
        },
        "44": {
            "ovr": 80.18181818181819,
            "chemistry": 8.727272727272727,
            "final_score": 88.9090909090909
        },
        "45": {
            "ovr": 81.0909090909091,
            "chemistry": 5.090909090909091,
            "final_score": 86.18181818181819
        },
        "46": {
            "ovr": 79.63636363636364,
            "chemistry": 6.181818181818182,
            "final_score": 85.81818181818183
        },
        "47": {
            "ovr": 80.63636363636364,
            "chemistry": 6.545454545454546,
            "final_score": 87.18181818181819
        },
        "48": {
            "ovr": 80.18181818181819,
            "chemistry": 6.181818181818182,
            "final_score": 86.36363636363637
        },
        "49": {
            "ovr": 80.72727272727273,
            "chemistry": 7.636363636363637,
            "final_score": 88.36363636363637
        },
        "50": {
            "ovr": 80.0909090909091,
            "chemistry": 6.545454545454546,
            "final_score": 86.63636363636364
        },
        "51": {
            "ovr": 80.63636363636364,
            "chemistry": 7.636363636363637,
            "final_score": 88.27272727272728
        },
        "52": {
            "ovr": 81.36363636363636,
            "chemistry": 5.090909090909091,
            "final_score": 86.45454545454545
        },
        "53": {
            "ovr": 80.36363636363636,
            "chemistry": 6.181818181818182,