{
    "scores": {
        "1": {
            "ovr": 81.36363636363636,
            "chemistry": 4.363636363636363,
            "final_score": 85.72727272727272
        },
        "2": {
            "ovr": 80.0909090909091,
            "chemistry": 2.1818181818181817,
            "final_score": 82.27272727272728
        },
        "3": {
            "ovr": 81.18181818181819,
            "chemistry": 4.7272727272727275,
            "final_score": 85.90909090909092
        },
        "4": {
            "ovr": 80.63636363636364,
            "chemistry": 3.272727272727273,
            "final_score": 83.9090909090909
        },
        "5": {
            "ovr": 81.0909090909091,
            "chemistry": 2.1818181818181817,
            "final_score": 83.27272727272728
        },
        "6": {
            "ovr": 79.9090909090909,
            "chemistry": 0.7272727272727273,
            "final_score": 80.63636363636364
        },
        "7": {
            "ovr": 81.36363636363636,
            "chemistry": 5.818181818181818,
            "final_score": 87.18181818181817
        },
        "8": {
            "ovr": 81.0,
            "chemistry": 8.0,
            "final_score": 89.0
        },
        "9": {
            "ovr": 80.81818181818181,
            "chemistry": 3.6363636363636362,
            "final_score": 84.45454545454545
        },
        "10": {
            "ovr": 81.72727272727273,
            "chemistry": 4.0,
            "final_score": 85.72727272727273
        },
        "11": {
            "ovr": 80.54545454545455,
            "chemistry": 2.909090909090909,
            "final_score": 83.45454545454545
        },
        "12": {
            "ovr": 81.45454545454545,
            "chemistry": 0.7272727272727273,
            "final_score": 82.18181818181819
        },
        "13": {
            "ovr": 80.54545454545455,
            "chemistry": 2.909090909090909,
            "final_score": 83.45454545454545
        },
        "14": {
            "ovr": 80.9090909090909,
            "chemistry": 3.6363636363636362,
            "final_score": 84.54545454545455
        },
        "15": {
            "ovr": 81.72727272727273,
            "chemistry": 6.181818181818182,
            "final_score": 87.90909090909092
        },
        "16": {
            "ovr": 81.0,
            "chemistry": 5.090909090909091,
            "final_score": 86.0909090909091
        },
        "17": {
            "ovr": 81.36363636363636,
            "chemistry": 4.363636363636363,
            "final_score": 85.72727272727272
        },
        "18": {
            "ovr": 80.27272727272727,
            "chemistry": 0.7272727272727273,
            "final_score": 81.0
        },
        "19": {
            "ovr": 81.27272727272727,
            "chemistry": 5.818181818181818,
            "final_score": 87.09090909090908
        },
        "20": {
            "ovr": 79.9090909090909,
            "chemistry": 1.8181818181818181,
            "final_score": 81.72727272727272
        },
        "21": {
            "ovr": 81.0,
            "chemistry": 2.5454545454545454,
            "final_score": 83.54545454545455
        },
        "22": {
            "ovr": 81.54545454545455,
            "chemistry": 1.4545454545454546,
            "final_score": 83.0
        },
        "23": {
            "ovr": 80.81818181818181,
            "chemistry": 3.272727272727273,
            "final_score": 84.09090909090908
        },
        "24": {
            "ovr": 81.27272727272727,
            "chemistry": 2.909090909090909,
            "final_score": 84.18181818181817
        },
        "25": {
            "ovr": 80.36363636363636,
            "chemistry": 4.363636363636363,
            "final_score": 84.72727272727272
        },
        "26": {
            "ovr": 81.45454545454545,
            "chemistry": 7.2727272727272725,
            "final_score": 88.72727272727272
        },
        "27": {
            "ovr": 80.72727272727273,
            "chemistry": 8.0,
            "final_score": 88.72727272727273
        },
        "28": {
            "ovr": 81.9090909090909,
            "chemistry": 3.272727272727273,
            "final_score": 85.18181818181817
        },
        "29": {
            "ovr": 80.72727272727273,
            "chemistry": 2.909090909090909,
            "final_score": 83.63636363636364
        },
        "30": {
            "ovr": 81.0909090909091,
            "chemistry": 3.272727272727273,
            "final_score": 84.36363636363636
        },
        "31": {
            "ovr": 80.36363636363636,
            "chemistry": 4.363636363636363,
            "final_score": 84.72727272727272
        },
        "32": {
            "ovr": 81.0,
            "chemistry": 5.454545454545454,
            "final_score": 86.45454545454545
        },
        "33": {
            "ovr": 81.0909090909091,
            "chemistry": 5.090909090909091,
            "final_score": 86.18181818181819
        },
        "34": {
            "ovr": 80.45454545454545,
            "chemistry": 2.909090909090909,
            "final_score": 83.36363636363636
        },
        "35": {
            "ovr": 80.63636363636364,
            "chemistry": 5.818181818181818,
            "final_score": 86.45454545454545
        },
        "36": {
            "ovr": 80.36363636363636,
            "chemistry": 4.0,
            "final_score": 84.36363636363636
        },
        "37": {
            "ovr": 80.81818181818181,
            "chemistry": 3.272727272727273,
            "final_score": 84.09090909090908
        },
        "38": {
            "ovr": 80.81818181818181,
            "chemistry": 3.272727272727273,
            "final_score": 84.09090909090908
        },
        "39": {
            "ovr": 80.81818181818181,
            "chemistry": 3.6363636363636362,
            "final_score": 84.45454545454545
        },
        "40": {
            "ovr": 80.63636363636364,
            "chemistry": 8.727272727272727,
            "final_score": 89.36363636363637
        },
        "41": {
            "ovr": 81.0,
            "chemistry": 5.090909090909091,
            "final_score": 86.0909090909091
        },
        "42": {
            "ovr": 81.72727272727273,
            "chemistry": 1.8181818181818181,
            "final_score": 83.54545454545455
        },
        "43": {
            "ovr": 80.0,
            "chemistry": 4.363636363636363,
            "final_score": 84.36363636363636
        },
        "44": {
            "ovr": 81.0,
            "chemistry": 3.272727272727273,
            "final_score": 84.27272727272727
        },
        "45": {
            "ovr": 81.18181818181819,
            "chemistry": 4.363636363636363,
            "final_score": 85.54545454545455
        },
        "46": {
            "ovr": 80.0,
            "chemistry": 2.5454545454545454,
            "final_score": 82.54545454545455
        },
        "47": {
            "ovr": 81.18181818181819,
            "chemistry": 3.6363636363636362,
            "final_score": 84.81818181818183
        },
        "48": {
            "ovr": 80.63636363636364,
            "chemistry": 2.909090909090909,
            "final_score": 83.54545454545455
        },
        "49": {
            "ovr": 81.18181818181819,
            "chemistry": 3.6363636363636362,
            "final_score": 84.81818181818183
        },
        "50": {
            "ovr": 80.72727272727273,
            "chemistry": 6.545454545454546,
            "final_score": 87.27272727272728
        },
        "51": {
            "ovr": 81.36363636363636,
            "chemistry": 2.909090909090909,
            "final_score": 84.27272727272727
        },
        "52": {
            "ovr": 81.54545454545455,
            "chemistry": 2.909090909090909,
            "final_score": 84.45454545454545
        },
        "53": {
            "ovr": 80.72727272727273,
            "chemistry": 3.6363636363636362,
            "final_score": 84.36363636363637
        },