{
    "scores": {
        "1": {
            "ovr": 81.36363636363636,
            "chemistry": 17.55818181818182,
            "final_score": 98.92181818181818
        }
    },
    "tempos": [
        0.14479494094848633
    ]
}