{
    "scores": {
        "1": {
            "ovr": 79.0,
            "chemistry": 1.210909090909091,
            "final_score": 80.2109090909091
        }
    },
    "tempos": [
        0.10510087013244629
    ]
}