{
    "scores": {
        "1": {
            "ovr": 79.27272727272727,
            "chemistry": 4.7272727272727275,
            "final_score": 84.0
        },
        "2": {
            "ovr": 77.72727272727273,
            "chemistry": 5.454545454545454,
            "final_score": 83.18181818181819
        },
        "3": {
            "ovr": 78.45454545454545,
            "chemistry": 1.8181818181818181,
            "final_score": 80.27272727272727
        },
        "4": {
            "ovr": 77.9090909090909,
            "chemistry": 1.8181818181818181,
            "final_score": 79.72727272727272
        },
        "5": {
            "ovr": 78.45454545454545,
            "chemistry": 1.8181818181818181,
            "final_score": 80.27272727272727
        },
        "6": {
            "ovr": 77.45454545454545,
            "chemistry": 2.909090909090909,
            "final_score": 80.36363636363636
        },
        "7": {
            "ovr": 78.18181818181819,
            "chemistry": 1.4545454545454546,
            "final_score": 79.63636363636364
        },
        "8": {
            "ovr": 77.72727272727273,
            "chemistry": 2.909090909090909,
            "final_score": 80.63636363636364
        },
        "9": {
            "ovr": 78.36363636363636,
            "chemistry": 0.0,
            "final_score": 78.36363636363636
        },
        "10": {
            "ovr": 78.81818181818181,
            "chemistry": 1.8181818181818181,
            "final_score": 80.63636363636363
        },
        "11": {
            "ovr": 77.9090909090909,
            "chemistry": 4.0,
            "final_score": 81.9090909090909
        },
        "12": {
            "ovr": 79.0909090909091,
            "chemistry": 0.7272727272727273,
            "final_score": 79.81818181818183
        },
        "13": {
            "ovr": 78.63636363636364,
            "chemistry": 2.5454545454545454,
            "final_score": 81.18181818181819
        },
        "14": {
            "ovr": 78.36363636363636,
            "chemistry": 1.0909090909090908,
            "final_score": 79.45454545454545
        },
        "15": {
            "ovr": 78.9090909090909,
            "chemistry": 3.6363636363636362,
            "final_score": 82.54545454545455
        },
        "16": {
            "ovr": 78.72727272727273,
            "chemistry": 2.5454545454545454,
            "final_score": 81.27272727272728
        },
        "17": {
            "ovr": 78.54545454545455,
            "chemistry": 6.545454545454546,
            "final_score": 85.0909090909091
        },
        "18": {
            "ovr": 77.45454545454545,
            "chemistry": 4.0,
            "final_score": 81.45454545454545
        },
        "19": {
            "ovr": 78.0,
            "chemistry": 4.7272727272727275,
            "final_score": 82.72727272727273
        },
        "20": {
            "ovr": 78.63636363636364,
            "chemistry": 2.909090909090909,
            "final_score": 81.54545454545455
        },
        "21": {
            "ovr": 77.9090909090909,
            "chemistry": 3.272727272727273,
            "final_score": 81.18181818181817
        },
        "22": {
            "ovr": 79.18181818181819,
            "chemistry": 4.0,
            "final_score": 83.18181818181819
        },
        "23": {
            "ovr": 78.36363636363636,
            "chemistry": 1.8181818181818181,
            "final_score": 80.18181818181817
        },
        "24": {
            "ovr": 78.0,
            "chemistry": 1.8181818181818181,
            "final_score": 79.81818181818181
        },
        "25": {
            "ovr": 78.0909090909091,
            "chemistry": 1.8181818181818181,
            "final_score": 79.9090909090909
        },
        "26": {
            "ovr": 79.27272727272727,
            "chemistry": 3.6363636363636362,
            "final_score": 82.9090909090909
        },
        "27": {
            "ovr": 79.0,
            "chemistry": 4.0,
            "final_score": 83.0
        },
        "28": {
            "ovr": 78.36363636363636,
            "chemistry": 0.7272727272727273,
            "final_score": 79.0909090909091
        },
        "29": {
            "ovr": 78.18181818181819,
            "chemistry": 0.7272727272727273,
            "final_score": 78.90909090909092
        },
        "30": {
            "ovr": 78.27272727272727,
            "chemistry": 1.4545454545454546,
            "final_score": 79.72727272727272
        },
        "31": {
            "ovr": 78.18181818181819,
            "chemistry": 4.0,
            "final_score": 82.18181818181819
        },
        "32": {
            "ovr": 78.45454545454545,
            "chemistry": 0.7272727272727273,
            "final_score": 79.18181818181819
        },
        "33": {
            "ovr": 78.72727272727273,
            "chemistry": 5.454545454545454,
            "final_score": 84.18181818181819
        },
        "34": {
            "ovr": 78.45454545454545,
            "chemistry": 1.8181818181818181,
            "final_score": 80.27272727272727
        },
        "35": {
            "ovr": 77.81818181818181,
            "chemistry": 2.909090909090909,
            "final_score": 80.72727272727272
        },
        "36": {
            "ovr": 77.9090909090909,
            "chemistry": 1.8181818181818181,
            "final_score": 79.72727272727272
        },
        "37": {
            "ovr": 78.54545454545455,
            "chemistry": 1.4545454545454546,
            "final_score": 80.0
        },
        "38": {
            "ovr": 78.9090909090909,
            "chemistry": 3.272727272727273,
            "final_score": 82.18181818181817
        },
        "39": {
            "ovr": 78.18181818181819,
            "chemistry": 2.1818181818181817,
            "final_score": 80.36363636363637
        },
        "40": {
            "ovr": 77.54545454545455,
            "chemistry": 1.8181818181818181,
            "final_score": 79.36363636363636
        },
        "41": {
            "ovr": 78.0,
            "chemistry": 3.272727272727273,
            "final_score": 81.27272727272727
        },
        "42": {
            "ovr": 79.27272727272727,
            "chemistry": 1.8181818181818181,
            "final_score": 81.09090909090908
        },
        "43": {
            "ovr": 78.45454545454545,
            "chemistry": 2.909090909090909,
            "final_score": 81.36363636363636
        },
        "44": {
            "ovr": 78.9090909090909,
            "chemistry": 3.6363636363636362,
            "final_score": 82.54545454545455
        },
        "45": {
            "ovr": 77.0909090909091,
            "chemistry": 2.5454545454545454,
            "final_score": 79.63636363636364
        },
        "46": {
            "ovr": 77.81818181818181,
            "chemistry": 1.4545454545454546,
            "final_score": 79.27272727272727
        },
        "47": {
            "ovr": 78.81818181818181,
            "chemistry": 2.5454545454545454,
            "final_score": 81.36363636363636
        },
        "48": {
            "ovr": 77.63636363636364,
            "chemistry": 3.272727272727273,
            "final_score": 80.9090909090909
        },
        "49": {
            "ovr": 79.27272727272727,
            "chemistry": 2.1818181818181817,
            "final_score": 81.45454545454545
        },
        "50": {
            "ovr": 78.81818181818181,
            "chemistry": 5.090909090909091,
            "final_score": 83.9090909090909
        },
        "51": {
            "ovr": 78.72727272727273,
            "chemistry": 2.909090909090909,
            "final_score": 81.63636363636364
        },
        "52": {
            "ovr": 80.54545454545455,
            "chemistry": 2.909090909090909,
            "final_score": 83.45454545454545
        },
        "53": {
            "ovr": 78.72727272727273,
            "chemistry": 1.8181818181818181,