{"scores": [83.18181818181817, 82.72727272727272, 81.36363636363637, 80.81818181818183, 80.27272727272727, 80.72727272727272, 79.27272727272727, 80.54545454545455, 79.72727272727272, 80.81818181818181, 78.72727272727273, 82.9090909090909, 83.63636363636364, 81.45454545454545, 81.45454545454545, 82.45454545454545, 82.54545454545455, 79.90909090909092, 80.54545454545455, 80.0909090909091, 80.18181818181817, 79.63636363636363, 78.0909090909091, 82.81818181818183, 83.63636363636363, 80.45454545454545, 80.27272727272727, 80.63636363636364, 79.27272727272727, 78.54545454545455, 81.0, 81.54545454545455, 81.72727272727272, 80.0, 80.18181818181819, 81.54545454545455, 82.63636363636364, 83.63636363636364, 80.36363636363636, 82.63636363636363, 80.27272727272727, 79.72727272727272, 83.0, 81.18181818181817, 81.45454545454545, 79.9090909090909, 79.0909090909091, 81.18181818181819, 83.18181818181819, 81.63636363636364, 86.72727272727273, 80.45454545454545, 79.27272727272727, 79.18181818181819, 80.72727272727273, 79.18181818181817, 82.27272727272727, 85.54545454545455, 78.0909090909091, 81.0, 81.27272727272727, 79.54545454545455, 82.0909090909091, 81.9090909090909, 79.63636363636364, 84.54545454545455, 80.63636363636363, 84.72727272727272, 81.45454545454545, 79.81818181818183, 78.27272727272728, 78.72727272727273, 77.81818181818181, 79.81818181818183, 82.81818181818181, 78.63636363636364, 82.81818181818183, 81.63636363636363, 80.18181818181817, 80.72727272727272, 80.0, 80.54545454545455, 81.27272727272727, 82.0909090909091, 79.81818181818181, 78.36363636363636, 81.63636363636363, 81.81818181818181, 79.72727272727273, 80.9090909090909, 80.45454545454545, 80.0909090909091, 78.45454545454547, 82.18181818181819, 81.9090909090909, 83.63636363636364, 79.63636363636363, 80.27272727272728, 78.27272727272727, 79.45454545454545], "tempos": [0.10167431831359863, 0.08276200294494629, 0.0940861701965332, 0.08307719230651855, 0.08287835121154785, 0.08300256729125977, 0.08064699172973633, 0.08257770538330078, 0.08911752700805664, 0.08894133567810059, 0.09928250312805176, 0.08413219451904297, 0.08388113975524902, 0.0823981761932373, 0.09227180480957031, 0.08751821517944336, 0.08351707458496094, 0.08312869071960449, 0.09977555274963379, 0.0968017578125, 0.10536336898803711, 0.10273957252502441, 0.11724209785461426, 0.08836579322814941, 0.09108352661132812, 0.08871960639953613, 0.08537793159484863, 0.08755707740783691, 0.08635139465332031, 0.0846107006072998, 0.09065032005310059, 0.0938713550567627, 0.08741593360900879, 0.08296704292297363, 0.08160543441772461, 0.09166741371154785, 0.0881812572479248, 0.0835275650024414, 0.08214426040649414, 0.08338427543640137, 0.09105968475341797, 0.08363890647888184, 0.08313298225402832, 0.09023523330688477, 0.08571529388427734, 0.09973430633544922, 0.09207582473754883, 0.09835290908813477, 0.08644270896911621, 0.08436155319213867, 0.09100723266601562, 0.0843968391418457, 0.08334851264953613, 0.0824728012084961, 0.08144068717956543, 0.09530282020568848, 0.08463883399963379, 0.08285403251647949, 0.08483672142028809, 0.09362649917602539, 0.08998823165893555, 0.08190011978149414, 0.08344388008117676, 0.08159446716308594, 0.0819706916809082, 0.08140707015991211, 0.08539128303527832, 0.08693432807922363, 0.08759641647338867, 0.08362174034118652, 0.09192180633544922, 0.08281564712524414, 0.09079670906066895, 0.08329939842224121, 0.08239555358886719, 0.08315658569335938, 0.08285021781921387, 0.08194828033447266, 0.08178281784057617, 0.08918881416320801, 0.09530901908874512, 0.08522486686706543, 0.09150838851928711, 0.08429789543151855, 0.09062814712524414, 0.08295416831970215, 0.0821533203125, 0.08265471458435059, 0.08291244506835938, 0.08208227157592773, 0.09171676635742188, 0.08310985565185547, 0.08144545555114746, 0.082855224609375, 0.08693599700927734, 0.0837554931640625, 0.09151077270507812, 0.08189511299133301, 0.08280706405639648, 0.08357024192810059]}